{
  "acceleration": {
    "timestamp": 29211.68048255,
    "x": 0.014925999566912651,
    "y": 0.020956000313162804,
    "z": -0.1284099966287613    //without gravity
  },
  "accelerationIncludingGravity": {
    "timestamp": 29211.68048255,
    "x": -1.2601238489151,
    "y": 0.6258179545402527,
    "z": -9.894518852233887    //with gravity
  },
  "interval": 100,
  "orientation": 0,         //0: portrait
  "rotation": {
    "alpha": -2.355842351913452,
    "beta": -0.06616319715976715,
    "gamma": -0.12549902498722076,
    "timestamp": 29211.68048255
  },
  "rotationRate": {
    "alpha": -0.015756339280720275,
    "beta": -0.07090352676324123,
    "gamma": -0.047269017842160824,
    "timestamp": 29211.68048255
  }
}
